age,anaemia,creatinine_phosphokinase,diabetes,ejection_fraction,high_blood_pressure,platelets,serum_creatinine,serum_sodium,sex,smoking,time,cluster
0.7459779576323141,0.3714012607528791,0.03971266480748838,-0.22376095619486738,0.05151874128120012,-0.09108520451797592,0.09430480742548927,3.521460845749028,-0.9277799804485477,0.09108520451797587,-0.35816765941328305,-0.8352969569986936,0
-0.2532001067702163,-0.04851976066401244,-0.012872466551762971,0.0910363037268681,-0.5117696045788569,-0.6968926402650265,-0.2977966459224693,-0.04302485683680674,-0.07471393004945796,0.6968926402650266,-0.6876819060735035,0.32788311893763283,1
0.21264019725165792,0.733798854578416,-0.18817192397522622,0.036163386859776596,1.0454718926661124,-0.6282543593675772,-0.134331282940509,-0.17556084589433235,0.09085461347000139,-0.9832531051812265,-0.6327628649634669,-0.21283842987601054,2
0.47860173293219743,-0.5926120430194843,-0.17743402617605114,0.27099158644707555,-0.6783431082487686,0.7091116054648783,-0.058607198104156474,0.027962450230931045,-0.5490285560693747,0.6634482005473791,1.2325907727395053,-0.753240470747081,3
0.0981993012995333,-0.1584910192945441,-0.12341260884350287,-0.37054176168454883,0.9114937482558287,1.2976550516961403,-0.22123672057602364,-0.2765784326763092,0.35878119153429205,0.6124552665778834,-0.12072356990812429,0.08165996136891751,4
-0.2111150070993695,-0.016881875488767174,-0.15853819216639256,-0.3797155620276539,-0.04939571622840339,-0.6954005037237777,-0.05937581753075178,-0.2091396642272022,0.14178634316592886,0.735688190337498,1.4541606972179293,0.39373598810159566,5
-0.07022314934698966,-0.871104775220389,5.448907687292115,-0.5096777335549757,-0.3597348006127754,-0.3865282396852566,0.1676384397907721,-0.352330669576427,0.16070384276727337,0.7356881903374974,0.7402131627874514,-0.6529606207708368,6
-0.37982324244721577,-0.8117202955599019,0.06814899547815673,0.5835334739983798,-0.04939571622840345,-0.11952357153942536,0.8038316316444512,-0.30363280299777995,0.2719832521869468,-1.236038589816333,-0.6246865353884615,0.8541123647383974,7
0.07308441138930906,0.6697661970227763,-0.26071991924319354,0.11277266691798742,-0.4926312027773749,1.0836189209557572,0.10702815946079819,-0.12376995321514976,-0.03444510048870133,-1.0836189209557574,-0.6313176270395185,-0.6598663765559496,8
